chrom	start	end	region	is_bad_bin	log2_insulation_score_75000	n_valid_pixels_75000	log2_insulation_score_125000	n_valid_pixels_125000	log2_insulation_score_250000	n_valid_pixels_250000	boundary_strength_75000	boundary_strength_125000	boundary_strength_250000	is_boundary_75000	is_boundary_125000	is_boundary_250000
MG_1::chr2R:9783303-9864769	0	5000	MG_1::chr2R:9783303-9864769	False	0.01908527394783955	13.0	0.01908527394783955	13.0	0.01908527394783955	13.0	nan	nan	nan	False	False	False
MG_1::chr2R:9783303-9864769	5000	10000	MG_1::chr2R:9783303-9864769	False	0.04014992448517989	25.0	0.04014992448517989	25.0	0.04014992448517989	25.0	nan	nan	nan	False	False	False
MG_1::chr2R:9783303-9864769	10000	15000	MG_1::chr2R:9783303-9864769	False	0.008888309409046778	36.0	0.008888309409046778	36.0	0.008888309409046778	36.0	nan	nan	nan	False	False	False
MG_1::chr2R:9783303-9864769	15000	20000	MG_1::chr2R:9783303-9864769	False	0.009895443714675094	45.0	0.009895443714675094	45.0	0.009895443714675094	45.0	nan	nan	nan	False	False	False
MG_1::chr2R:9783303-9864769	20000	25000	MG_1::chr2R:9783303-9864769	False	0.0	52.0	0.0	52.0	0.0	52.0	nan	nan	nan	False	False	False
MG_1::chr2R:9783303-9864769	25000	30000	MG_1::chr2R:9783303-9864769	False	-0.04222805033149608	57.0	-0.04222805033149608	57.0	-0.04222805033149608	57.0	nan	nan	nan	False	False	False
MG_1::chr2R:9783303-9864769	30000	35000	MG_1::chr2R:9783303-9864769	False	-0.04051065866837184	60.0	-0.04051065866837184	60.0	-0.04051065866837184	60.0	nan	nan	nan	False	False	False
MG_1::chr2R:9783303-9864769	35000	40000	MG_1::chr2R:9783303-9864769	False	-0.040381960479462894	61.0	-0.040381960479462894	61.0	-0.040381960479462894	61.0	nan	nan	nan	False	False	False
MG_1::chr2R:9783303-9864769	40000	45000	MG_1::chr2R:9783303-9864769	False	0.023429721218722818	60.0	0.023429721218722818	60.0	0.023429721218722818	60.0	nan	nan	nan	False	False	False
MG_1::chr2R:9783303-9864769	45000	50000	MG_1::chr2R:9783303-9864769	False	-0.003545928672957902	57.0	-0.003545928672957902	57.0	-0.003545928672957902	57.0	nan	nan	nan	False	False	False
MG_1::chr2R:9783303-9864769	50000	55000	MG_1::chr2R:9783303-9864769	False	-0.04657634482091729	52.0	-0.04657634482091729	52.0	-0.04657634482091729	52.0	nan	nan	nan	False	False	False
MG_1::chr2R:9783303-9864769	55000	60000	MG_1::chr2R:9783303-9864769	False	0.008815143245419543	45.0	0.008815143245419543	45.0	0.008815143245419543	45.0	nan	nan	nan	False	False	False
MG_1::chr2R:9783303-9864769	60000	65000	MG_1::chr2R:9783303-9864769	False	-0.002475661671453342	36.0	-0.002475661671453342	36.0	-0.002475661671453342	36.0	nan	nan	nan	False	False	False
MG_1::chr2R:9783303-9864769	65000	70000	MG_1::chr2R:9783303-9864769	False	0.03590188138371992	25.0	0.03590188138371992	25.0	0.03590188138371992	25.0	nan	nan	nan	False	False	False
MG_1::chr2R:9783303-9864769	70000	75000	MG_1::chr2R:9783303-9864769	False	-0.1603605715670227	13.0	-0.1603605715670227	13.0	-0.1603605715670227	13.0	nan	nan	nan	False	False	False
MG_1::chr2R:9783303-9864769	75000	80000	MG_1::chr2R:9783303-9864769	True	nan	0.0	nan	0.0	nan	0.0	nan	nan	nan	False	False	False
MG_1::chr2R:9783303-9864769	80000	81466	MG_1::chr2R:9783303-9864769	True	nan	0.0	nan	0.0	nan	0.0	nan	nan	nan	False	False	False
MG_2::chr2R:9861736-9954592	0	5000	MG_2::chr2R:9861736-9954592	True	nan	0.0	nan	0.0	nan	0.0	nan	nan	nan	False	False	False
MG_2::chr2R:9861736-9954592	5000	10000	MG_2::chr2R:9861736-9954592	False	-0.21642227834896643	12.0	-0.21642227834896643	12.0	-0.21642227834896643	12.0	nan	nan	nan	False	False	False
MG_2::chr2R:9861736-9954592	10000	15000	MG_2::chr2R:9861736-9954592	False	0.015632707690019454	23.0	0.015632707690019454	23.0	0.015632707690019454	23.0	nan	nan	nan	False	False	False
MG_2::chr2R:9861736-9954592	15000	20000	MG_2::chr2R:9861736-9954592	False	-0.0308365521356316	33.0	-0.0308365521356316	33.0	-0.0308365521356316	33.0	nan	nan	nan	False	False	False
MG_2::chr2R:9861736-9954592	20000	25000	MG_2::chr2R:9861736-9954592	False	-0.030208764863783964	41.0	-0.030208764863783964	41.0	-0.030208764863783964	41.0	nan	nan	nan	False	False	False
MG_2::chr2R:9861736-9954592	25000	30000	MG_2::chr2R:9861736-9954592	False	-0.015803957387996493	47.0	-0.015803957387996493	47.0	-0.015803957387996493	47.0	nan	nan	nan	False	False	False
MG_2::chr2R:9861736-9954592	30000	35000	MG_2::chr2R:9861736-9954592	False	-0.05367242820843773	51.0	-0.05367242820843773	51.0	-0.05367242820843773	51.0	nan	nan	nan	False	False	False
MG_2::chr2R:9861736-9954592	35000	40000	MG_2::chr2R:9861736-9954592	False	-0.04859757275017643	53.0	-0.04859757275017643	53.0	-0.04859757275017643	53.0	nan	nan	nan	False	False	False
MG_2::chr2R:9861736-9954592	40000	45000	MG_2::chr2R:9861736-9954592	False	-0.033932158951572	53.0	-0.033932158951572	53.0	-0.033932158951572	53.0	nan	nan	nan	False	False	False
MG_2::chr2R:9861736-9954592	45000	50000	MG_2::chr2R:9861736-9954592	False	0.023697354651067315	51.0	0.023697354651067315	51.0	0.023697354651067315	51.0	nan	nan	nan	False	False	False
MG_2::chr2R:9861736-9954592	50000	55000	MG_2::chr2R:9861736-9954592	False	0.03309007214706439	47.0	0.03309007214706439	47.0	0.03309007214706439	47.0	nan	nan	nan	False	False	False
MG_2::chr2R:9861736-9954592	55000	60000	MG_2::chr2R:9861736-9954592	False	0.10835641801009034	41.0	0.10835641801009034	41.0	0.10835641801009034	41.0	nan	nan	nan	False	False	False
MG_2::chr2R:9861736-9954592	60000	65000	MG_2::chr2R:9861736-9954592	False	0.10695783739035081	33.0	0.10695783739035081	33.0	0.10695783739035081	33.0	nan	nan	nan	False	False	False
MG_2::chr2R:9861736-9954592	65000	70000	MG_2::chr2R:9861736-9954592	False	0.07189248808624754	23.0	0.07189248808624754	23.0	0.07189248808624754	23.0	nan	nan	nan	False	False	False
MG_2::chr2R:9861736-9954592	70000	75000	MG_2::chr2R:9861736-9954592	False	0.1308398832825473	12.0	0.1308398832825473	12.0	0.1308398832825473	12.0	nan	nan	nan	False	False	False
MG_2::chr2R:9861736-9954592	75000	80000	MG_2::chr2R:9861736-9954592	True	nan	0.0	nan	0.0	nan	0.0	nan	nan	nan	False	False	False
MG_2::chr2R:9861736-9954592	80000	85000	MG_2::chr2R:9861736-9954592	True	nan	0.0	nan	0.0	nan	0.0	nan	nan	nan	False	False	False
MG_2::chr2R:9861736-9954592	85000	90000	MG_2::chr2R:9861736-9954592	True	nan	0.0	nan	0.0	nan	0.0	nan	nan	nan	False	False	False
MG_2::chr2R:9861736-9954592	90000	92856	MG_2::chr2R:9861736-9954592	True	nan	0.0	nan	0.0	nan	0.0	nan	nan	nan	False	False	False
MG_3::chr2R:9937874-10035582	0	5000	MG_3::chr2R:9937874-10035582	True	nan	0.0	nan	0.0	nan	0.0	nan	nan	nan	False	False	False
MG_3::chr2R:9937874-10035582	5000	10000	MG_3::chr2R:9937874-10035582	True	nan	0.0	nan	0.0	nan	0.0	nan	nan	nan	False	False	False
MG_3::chr2R:9937874-10035582	10000	15000	MG_3::chr2R:9937874-10035582	True	nan	0.0	nan	0.0	nan	0.0	nan	nan	nan	False	False	False
MG_3::chr2R:9937874-10035582	15000	20000	MG_3::chr2R:9937874-10035582	True	nan	0.0	nan	0.0	nan	0.0	nan	nan	nan	False	False	False
MG_3::chr2R:9937874-10035582	20000	25000	MG_3::chr2R:9937874-10035582	False	0.28122727634770617	13.0	0.28122727634770617	13.0	0.28122727634770617	13.0	nan	nan	nan	False	False	False
MG_3::chr2R:9937874-10035582	25000	30000	MG_3::chr2R:9937874-10035582	False	0.3437364930264803	25.0	0.3437364930264803	25.0	0.3437364930264803	25.0	nan	nan	nan	False	False	False
MG_3::chr2R:9937874-10035582	30000	35000	MG_3::chr2R:9937874-10035582	False	0.5440879779452772	36.0	0.5440879779452772	36.0	0.5440879779452772	36.0	nan	nan	nan	False	False	False
MG_3::chr2R:9937874-10035582	35000	40000	MG_3::chr2R:9937874-10035582	False	0.5529928323278008	45.0	0.5529928323278008	45.0	0.5529928323278008	45.0	nan	nan	nan	False	False	False
MG_3::chr2R:9937874-10035582	40000	45000	MG_3::chr2R:9937874-10035582	False	0.49797355709636315	52.0	0.49797355709636315	52.0	0.49797355709636315	52.0	nan	nan	nan	False	False	False
MG_3::chr2R:9937874-10035582	45000	50000	MG_3::chr2R:9937874-10035582	False	0.3689778215919575	57.0	0.3689778215919575	57.0	0.3689778215919575	57.0	nan	nan	nan	False	False	False
MG_3::chr2R:9937874-10035582	50000	55000	MG_3::chr2R:9937874-10035582	False	0.19416742844794593	60.0	0.19416742844794593	60.0	0.19416742844794593	60.0	nan	nan	nan	False	False	False
MG_3::chr2R:9937874-10035582	55000	60000	MG_3::chr2R:9937874-10035582	False	-0.003259219151840536	61.0	-0.003259219151840536	61.0	-0.003259219151840536	61.0	nan	nan	nan	False	False	False
MG_3::chr2R:9937874-10035582	60000	65000	MG_3::chr2R:9937874-10035582	False	-0.04563124080143581	60.0	-0.04563124080143581	60.0	-0.04563124080143581	60.0	nan	nan	nan	False	False	False
MG_3::chr2R:9937874-10035582	65000	70000	MG_3::chr2R:9937874-10035582	False	-0.0525254466296263	57.0	-0.0525254466296263	57.0	-0.0525254466296263	57.0	nan	nan	nan	False	False	False
MG_3::chr2R:9937874-10035582	70000	75000	MG_3::chr2R:9937874-10035582	False	-0.08817936770480983	52.0	-0.08817936770480983	52.0	-0.08817936770480983	52.0	nan	nan	nan	False	False	False
MG_3::chr2R:9937874-10035582	75000	80000	MG_3::chr2R:9937874-10035582	False	-0.07897875031513582	45.0	-0.07897875031513582	45.0	-0.07897875031513582	45.0	nan	nan	nan	False	False	False
MG_3::chr2R:9937874-10035582	80000	85000	MG_3::chr2R:9937874-10035582	False	-0.0776214805663476	36.0	-0.0776214805663476	36.0	-0.0776214805663476	36.0	nan	nan	nan	False	False	False
MG_3::chr2R:9937874-10035582	85000	90000	MG_3::chr2R:9937874-10035582	False	0.0	25.0	0.0	25.0	0.0	25.0	nan	nan	nan	False	False	False
MG_3::chr2R:9937874-10035582	90000	95000	MG_3::chr2R:9937874-10035582	False	-0.018315353668079945	13.0	-0.018315353668079945	13.0	-0.018315353668079945	13.0	nan	nan	nan	False	False	False
MG_3::chr2R:9937874-10035582	95000	97708	MG_3::chr2R:9937874-10035582	True	nan	0.0	nan	0.0	nan	0.0	nan	nan	nan	False	False	False
MG_4::chr2R:10034493-10133457	0	5000	MG_4::chr2R:10034493-10133457	False	0.1554186221197468	13.0	0.2568631860095471	18.0	0.2568631860095471	18.0	nan	nan	nan	False	False	False
MG_4::chr2R:10034493-10133457	5000	10000	MG_4::chr2R:10034493-10133457	False	0.1523879367188576	27.0	0.18309127536627084	35.0	0.18309127536627084	35.0	nan	nan	nan	False	False	False
MG_4::chr2R:10034493-10133457	10000	15000	MG_4::chr2R:10034493-10133457	False	0.04898778453004908	42.0	0.09122241756948153	51.0	0.09122241756948153	51.0	nan	nan	nan	False	False	False
MG_4::chr2R:10034493-10133457	15000	20000	MG_4::chr2R:10034493-10133457	False	0.046434483646206205	57.0	0.07809198183541897	65.0	0.07809198183541897	65.0	nan	nan	nan	False	False	False
MG_4::chr2R:10034493-10133457	20000	25000	MG_4::chr2R:10034493-10133457	False	0.04828001095481516	72.0	0.037091666836564445	77.0	0.037091666836564445	77.0	nan	nan	nan	False	False	False
MG_4::chr2R:10034493-10133457	25000	30000	MG_4::chr2R:10034493-10133457	False	-0.016842607396793878	87.0	-0.0422346689952461	87.0	-0.0422346689952461	87.0	nan	nan	nan	False	False	False
MG_4::chr2R:10034493-10133457	30000	35000	MG_4::chr2R:10034493-10133457	False	-0.03801052553375082	95.0	-0.06340258713220302	95.0	-0.06340258713220302	95.0	nan	nan	nan	False	False	False
MG_4::chr2R:10034493-10133457	35000	40000	MG_4::chr2R:10034493-10133457	False	-0.07043817393588209	101.0	-0.09583023553433434	101.0	-0.09583023553433434	101.0	0.08663163141481153	0.0866316314148115	0.0866316314148115	True	True	True
MG_4::chr2R:10034493-10133457	40000	45000	MG_4::chr2R:10034493-10133457	False	-0.033335712858080874	105.0	-0.05872777445653305	105.0	-0.05872777445653305	105.0	nan	nan	nan	False	False	False
MG_4::chr2R:10034493-10133457	45000	50000	MG_4::chr2R:10034493-10133457	False	-0.03409258125958579	107.0	-0.05948464285803797	107.0	-0.05948464285803797	107.0	nan	nan	nan	False	False	False
MG_4::chr2R:10034493-10133457	50000	55000	MG_4::chr2R:10034493-10133457	False	-0.039082618693697904	107.0	-0.06447468029215007	107.0	-0.06447468029215007	107.0	0.0057469058356170305	0.0057469058356170236	0.0057469058356170236	True	True	True
MG_4::chr2R:10034493-10133457	55000	60000	MG_4::chr2R:10034493-10133457	False	-0.014078183556847347	105.0	-0.039470245155299455	105.0	-0.039470245155299455	105.0	nan	nan	nan	False	False	False
MG_4::chr2R:10034493-10133457	60000	65000	MG_4::chr2R:10034493-10133457	False	0.016193457478929446	101.0	-0.009198604119522832	101.0	-0.009198604119522832	101.0	nan	nan	nan	False	False	False
MG_4::chr2R:10034493-10133457	65000	70000	MG_4::chr2R:10034493-10133457	False	0.009746655315445156	95.0	-0.015645406283006997	95.0	-0.015645406283006997	95.0	nan	nan	nan	False	False	False
MG_4::chr2R:10034493-10133457	70000	75000	MG_4::chr2R:10034493-10133457	False	-0.014544998514600118	87.0	-0.03993706011305227	87.0	-0.03993706011305227	87.0	0.030738455993529562	0.03073845599352944	0.03073845599352944	True	True	True
MG_4::chr2R:10034493-10133457	75000	80000	MG_4::chr2R:10034493-10133457	False	-0.010976252836898893	72.0	0.009140325332318072	77.0	0.009140325332318072	77.0	nan	nan	nan	False	False	False
MG_4::chr2R:10034493-10133457	80000	85000	MG_4::chr2R:10034493-10133457	False	-0.009812950554720614	57.0	0.019344385221350256	65.0	0.019344385221350256	65.0	nan	nan	nan	False	False	False
MG_4::chr2R:10034493-10133457	85000	90000	MG_4::chr2R:10034493-10133457	False	0.046774116181212806	42.0	0.08948316515136581	51.0	0.08948316515136581	51.0	nan	nan	nan	False	False	False
MG_4::chr2R:10034493-10133457	90000	95000	MG_4::chr2R:10034493-10133457	False	0.15951598344640497	27.0	0.20730058232021134	35.0	0.20730058232021134	35.0	nan	nan	nan	False	False	False
MG_4::chr2R:10034493-10133457	95000	98964	MG_4::chr2R:10034493-10133457	False	0.2315228958628221	13.0	0.21209484013938687	18.0	0.21209484013938687	18.0	nan	nan	nan	False	False	False
FlyFos027077::chrX:795762-831457	0	5000	FlyFos027077::chrX:795762-831457	False	-0.11802770147236627	4.0	-0.11802770147236627	4.0	-0.11802770147236627	4.0	nan	nan	nan	False	False	False
FlyFos027077::chrX:795762-831457	5000	10000	FlyFos027077::chrX:795762-831457	False	-0.06108998137898416	7.0	-0.06108998137898416	7.0	-0.06108998137898416	7.0	nan	nan	nan	False	False	False
FlyFos027077::chrX:795762-831457	10000	15000	FlyFos027077::chrX:795762-831457	False	0.0034975707023049535	9.0	0.0034975707023049535	9.0	0.0034975707023049535	9.0	nan	nan	nan	False	False	False
FlyFos027077::chrX:795762-831457	15000	20000	FlyFos027077::chrX:795762-831457	False	-0.003506070583031806	9.0	-0.003506070583031806	9.0	-0.003506070583031806	9.0	nan	nan	nan	False	False	False
FlyFos027077::chrX:795762-831457	20000	25000	FlyFos027077::chrX:795762-831457	False	0.068983713310813	7.0	0.068983713310813	7.0	0.068983713310813	7.0	nan	nan	nan	False	False	False
FlyFos027077::chrX:795762-831457	25000	30000	FlyFos027077::chrX:795762-831457	False	0.10039798784833383	4.0	0.10039798784833383	4.0	0.10039798784833383	4.0	nan	nan	nan	False	False	False
FlyFos027077::chrX:795762-831457	30000	35000	FlyFos027077::chrX:795762-831457	True	nan	0.0	nan	0.0	nan	0.0	nan	nan	nan	False	False	False
FlyFos027077::chrX:795762-831457	35000	35695	FlyFos027077::chrX:795762-831457	True	nan	0.0	nan	0.0	nan	0.0	nan	nan	nan	False	False	False
FlyFos031487::chrX:2135290-2166685	0	5000	FlyFos031487::chrX:2135290-2166685	False	-0.08867358786227507	4.0	-0.08867358786227507	4.0	-0.08867358786227507	4.0	nan	nan	nan	False	False	False
FlyFos031487::chrX:2135290-2166685	5000	10000	FlyFos031487::chrX:2135290-2166685	False	-0.034489217346566625	7.0	-0.034489217346566625	7.0	-0.034489217346566625	7.0	nan	nan	nan	False	False	False
FlyFos031487::chrX:2135290-2166685	10000	15000	FlyFos031487::chrX:2135290-2166685	False	-0.006949147105711583	9.0	-0.006949147105711583	9.0	-0.006949147105711583	9.0	nan	nan	nan	False	False	False
FlyFos031487::chrX:2135290-2166685	15000	20000	FlyFos031487::chrX:2135290-2166685	False	0.01907747047197341	9.0	0.01907747047197341	9.0	0.01907747047197341	9.0	nan	nan	nan	False	False	False
FlyFos031487::chrX:2135290-2166685	20000	25000	FlyFos031487::chrX:2135290-2166685	False	0.0069158349741064145	7.0	0.0069158349741064145	7.0	0.0069158349741064145	7.0	nan	nan	nan	False	False	False
FlyFos031487::chrX:2135290-2166685	25000	30000	FlyFos031487::chrX:2135290-2166685	False	0.01703456408545457	4.0	0.01703456408545457	4.0	0.01703456408545457	4.0	nan	nan	nan	False	False	False
FlyFos031487::chrX:2135290-2166685	30000	31395	FlyFos031487::chrX:2135290-2166685	True	nan	0.0	nan	0.0	nan	0.0	nan	nan	nan	False	False	False
FlyFos025581::chrX:2685715-2721010	0	5000	FlyFos025581::chrX:2685715-2721010	False	0.0	5.0	0.0	5.0	0.0	5.0	nan	nan	nan	False	False	False
FlyFos025581::chrX:2685715-2721010	5000	10000	FlyFos025581::chrX:2685715-2721010	False	-0.04946101284855648	9.0	-0.04946101284855648	9.0	-0.04946101284855648	9.0	nan	nan	nan	False	False	False
FlyFos025581::chrX:2685715-2721010	10000	15000	FlyFos025581::chrX:2685715-2721010	False	-0.017722285879338964	12.0	-0.017722285879338964	12.0	-0.017722285879338964	12.0	nan	nan	nan	False	False	False
FlyFos025581::chrX:2685715-2721010	15000	20000	FlyFos025581::chrX:2685715-2721010	False	0.04699673567469468	13.0	0.04699673567469468	13.0	0.04699673567469468	13.0	nan	nan	nan	False	False	False
FlyFos025581::chrX:2685715-2721010	20000	25000	FlyFos025581::chrX:2685715-2721010	False	0.059991388537634	12.0	0.059991388537634	12.0	0.059991388537634	12.0	nan	nan	nan	False	False	False
FlyFos025581::chrX:2685715-2721010	25000	30000	FlyFos025581::chrX:2685715-2721010	False	0.01742064277215357	9.0	0.01742064277215357	9.0	0.01742064277215357	9.0	nan	nan	nan	False	False	False
FlyFos025581::chrX:2685715-2721010	30000	35000	FlyFos025581::chrX:2685715-2721010	False	-0.0799173102802099	5.0	-0.0799173102802099	5.0	-0.0799173102802099	5.0	nan	nan	nan	False	False	False
FlyFos025581::chrX:2685715-2721010	35000	35295	FlyFos025581::chrX:2685715-2721010	True	nan	0.0	nan	0.0	nan	0.0	nan	nan	nan	False	False	False
FlyFos018703::chrX:3667733-3708827	0	5000	FlyFos018703::chrX:3667733-3708827	False	-0.4069352805542628	5.0	-0.4069352805542628	5.0	-0.4069352805542628	5.0	nan	nan	nan	False	False	False
FlyFos018703::chrX:3667733-3708827	5000	10000	FlyFos018703::chrX:3667733-3708827	False	-0.13871150058150775	9.0	-0.13871150058150775	9.0	-0.13871150058150775	9.0	nan	nan	nan	False	False	False
FlyFos018703::chrX:3667733-3708827	10000	15000	FlyFos018703::chrX:3667733-3708827	False	-0.1007884455911292	12.0	-0.1007884455911292	12.0	-0.1007884455911292	12.0	nan	nan	nan	False	False	False
FlyFos018703::chrX:3667733-3708827	15000	20000	FlyFos018703::chrX:3667733-3708827	False	0.0	13.0	0.0	13.0	0.0	13.0	nan	nan	nan	False	False	False
FlyFos018703::chrX:3667733-3708827	20000	25000	FlyFos018703::chrX:3667733-3708827	False	0.05469465829818246	12.0	0.05469465829818246	12.0	0.05469465829818246	12.0	nan	nan	nan	False	False	False
FlyFos018703::chrX:3667733-3708827	25000	30000	FlyFos018703::chrX:3667733-3708827	False	0.1201520746976258	9.0	0.1201520746976258	9.0	0.1201520746976258	9.0	nan	nan	nan	False	False	False
FlyFos018703::chrX:3667733-3708827	30000	35000	FlyFos018703::chrX:3667733-3708827	False	0.14815048180735912	5.0	0.14815048180735912	5.0	0.14815048180735912	5.0	nan	nan	nan	False	False	False
FlyFos018703::chrX:3667733-3708827	35000	40000	FlyFos018703::chrX:3667733-3708827	True	nan	0.0	nan	0.0	nan	0.0	nan	nan	nan	False	False	False
FlyFos018703::chrX:3667733-3708827	40000	41094	FlyFos018703::chrX:3667733-3708827	True	nan	0.0	nan	0.0	nan	0.0	nan	nan	nan	False	False	False
FlyFos029355::chrX:3704259-3739628	0	5000	FlyFos029355::chrX:3704259-3739628	True	nan	0.0	nan	0.0	nan	0.0	nan	nan	nan	False	False	False
FlyFos029355::chrX:3704259-3739628	5000	10000	FlyFos029355::chrX:3704259-3739628	False	0.0	1.0	0.0	1.0	0.0	1.0	nan	nan	nan	False	False	False
FlyFos029355::chrX:3704259-3739628	10000	15000	FlyFos029355::chrX:3704259-3739628	False	0.0	1.0	0.0	1.0	0.0	1.0	nan	nan	nan	False	False	False
FlyFos029355::chrX:3704259-3739628	15000	20000	FlyFos029355::chrX:3704259-3739628	False	0.0	1.0	0.0	1.0	0.0	1.0	nan	nan	nan	False	False	False
FlyFos029355::chrX:3704259-3739628	20000	25000	FlyFos029355::chrX:3704259-3739628	True	nan	0.0	nan	0.0	nan	0.0	nan	nan	nan	False	False	False
FlyFos029355::chrX:3704259-3739628	25000	30000	FlyFos029355::chrX:3704259-3739628	True	nan	0.0	nan	0.0	nan	0.0	nan	nan	nan	False	False	False
FlyFos029355::chrX:3704259-3739628	30000	35000	FlyFos029355::chrX:3704259-3739628	True	nan	0.0	nan	0.0	nan	0.0	nan	nan	nan	False	False	False
FlyFos029355::chrX:3704259-3739628	35000	35369	FlyFos029355::chrX:3704259-3739628	True	nan	0.0	nan	0.0	nan	0.0	nan	nan	nan	False	False	False
FlyFos022426::chrX:3724647-3755934	0	5000	FlyFos022426::chrX:3724647-3755934	True	nan	0.0	nan	0.0	nan	0.0	nan	nan	nan	False	False	False
FlyFos022426::chrX:3724647-3755934	5000	10000	FlyFos022426::chrX:3724647-3755934	True	nan	0.0	nan	0.0	nan	0.0	nan	nan	nan	False	False	False
FlyFos022426::chrX:3724647-3755934	10000	15000	FlyFos022426::chrX:3724647-3755934	True	nan	0.0	nan	0.0	nan	0.0	nan	nan	nan	False	False	False
FlyFos022426::chrX:3724647-3755934	15000	20000	FlyFos022426::chrX:3724647-3755934	False	0.0	1.0	0.0	1.0	0.0	1.0	nan	nan	nan	False	False	False
FlyFos022426::chrX:3724647-3755934	20000	25000	FlyFos022426::chrX:3724647-3755934	False	0.0	1.0	0.0	1.0	0.0	1.0	nan	nan	nan	False	False	False
FlyFos022426::chrX:3724647-3755934	25000	30000	FlyFos022426::chrX:3724647-3755934	False	0.0	1.0	0.0	1.0	0.0	1.0	nan	nan	nan	False	False	False
FlyFos022426::chrX:3724647-3755934	30000	31287	FlyFos022426::chrX:3724647-3755934	True	nan	0.0	nan	0.0	nan	0.0	nan	nan	nan	False	False	False
FlyFos025448::chrX:5318986-5352179	0	5000	FlyFos025448::chrX:5318986-5352179	False	-0.005922818956507762	4.0	-0.005922818956507762	4.0	-0.005922818956507762	4.0	nan	nan	nan	False	False	False
FlyFos025448::chrX:5318986-5352179	5000	10000	FlyFos025448::chrX:5318986-5352179	False	-0.028291095960026106	7.0	-0.028291095960026106	7.0	-0.028291095960026106	7.0	nan	nan	nan	False	False	False
FlyFos025448::chrX:5318986-5352179	10000	15000	FlyFos025448::chrX:5318986-5352179	False	0.06919987469999757	9.0	0.06919987469999757	9.0	0.06919987469999757	9.0	nan	nan	nan	False	False	False
FlyFos025448::chrX:5318986-5352179	15000	20000	FlyFos025448::chrX:5318986-5352179	False	0.09569732407645602	9.0	0.09569732407645602	9.0	0.09569732407645602	9.0	nan	nan	nan	False	False	False
FlyFos025448::chrX:5318986-5352179	20000	25000	FlyFos025448::chrX:5318986-5352179	False	0.005898602885291336	7.0	0.005898602885291336	7.0	0.005898602885291336	7.0	nan	nan	nan	False	False	False
FlyFos025448::chrX:5318986-5352179	25000	30000	FlyFos025448::chrX:5318986-5352179	False	-0.007916823259066851	4.0	-0.007916823259066851	4.0	-0.007916823259066851	4.0	nan	nan	nan	False	False	False
FlyFos025448::chrX:5318986-5352179	30000	33193	FlyFos025448::chrX:5318986-5352179	True	nan	0.0	nan	0.0	nan	0.0	nan	nan	nan	False	False	False
FlyFos022038::chrX:7035928-7072577	0	5000	FlyFos022038::chrX:7035928-7072577	False	0.0	1.0	0.0	1.0	0.0	1.0	nan	nan	nan	False	False	False
FlyFos022038::chrX:7035928-7072577	5000	10000	FlyFos022038::chrX:7035928-7072577	False	0.0	1.0	0.0	1.0	0.0	1.0	nan	nan	nan	False	False	False
FlyFos022038::chrX:7035928-7072577	10000	15000	FlyFos022038::chrX:7035928-7072577	False	0.0	1.0	0.0	1.0	0.0	1.0	nan	nan	nan	False	False	False
FlyFos022038::chrX:7035928-7072577	15000	20000	FlyFos022038::chrX:7035928-7072577	True	nan	0.0	nan	0.0	nan	0.0	nan	nan	nan	False	False	False
FlyFos022038::chrX:7035928-7072577	20000	25000	FlyFos022038::chrX:7035928-7072577	True	nan	0.0	nan	0.0	nan	0.0	nan	nan	nan	False	False	False
FlyFos022038::chrX:7035928-7072577	25000	30000	FlyFos022038::chrX:7035928-7072577	True	nan	0.0	nan	0.0	nan	0.0	nan	nan	nan	False	False	False
FlyFos022038::chrX:7035928-7072577	30000	35000	FlyFos022038::chrX:7035928-7072577	True	nan	0.0	nan	0.0	nan	0.0	nan	nan	nan	False	False	False
FlyFos022038::chrX:7035928-7072577	35000	36649	FlyFos022038::chrX:7035928-7072577	True	nan	0.0	nan	0.0	nan	0.0	nan	nan	nan	False	False	False
FlyFos030785::chrX:7053320-7095787	0	5000	FlyFos030785::chrX:7053320-7095787	True	nan	0.0	nan	0.0	nan	0.0	nan	nan	nan	False	False	False
FlyFos030785::chrX:7053320-7095787	5000	10000	FlyFos030785::chrX:7053320-7095787	True	nan	0.0	nan	0.0	nan	0.0	nan	nan	nan	False	False	False
FlyFos030785::chrX:7053320-7095787	10000	15000	FlyFos030785::chrX:7053320-7095787	True	nan	0.0	nan	0.0	nan	0.0	nan	nan	nan	False	False	False
FlyFos030785::chrX:7053320-7095787	15000	20000	FlyFos030785::chrX:7053320-7095787	True	nan	0.0	nan	0.0	nan	0.0	nan	nan	nan	False	False	False
FlyFos030785::chrX:7053320-7095787	20000	25000	FlyFos030785::chrX:7053320-7095787	False	-0.24392052520444585	2.0	-0.24392052520444585	2.0	-0.24392052520444585	2.0	nan	nan	nan	False	False	False
FlyFos030785::chrX:7053320-7095787	25000	30000	FlyFos030785::chrX:7053320-7095787	False	0.07566773169653107	3.0	0.07566773169653107	3.0	0.07566773169653107	3.0	nan	nan	nan	False	False	False
FlyFos030785::chrX:7053320-7095787	30000	35000	FlyFos030785::chrX:7053320-7095787	False	0.07566773169653107	3.0	0.07566773169653107	3.0	0.07566773169653107	3.0	nan	nan	nan	False	False	False
FlyFos030785::chrX:7053320-7095787	35000	40000	FlyFos030785::chrX:7053320-7095787	False	-0.07985716348542299	2.0	-0.07985716348542299	2.0	-0.07985716348542299	2.0	nan	nan	nan	False	False	False
FlyFos030785::chrX:7053320-7095787	40000	42467	FlyFos030785::chrX:7053320-7095787	True	nan	0.0	nan	0.0	nan	0.0	nan	nan	nan	False	False	False
FlyFos021879::chrX:8909920-8947159	0	5000	FlyFos021879::chrX:8909920-8947159	False	-0.22482137748276967	5.0	-0.22482137748276967	5.0	-0.22482137748276967	5.0	nan	nan	nan	False	False	False
FlyFos021879::chrX:8909920-8947159	5000	10000	FlyFos021879::chrX:8909920-8947159	False	-0.12352098661880039	9.0	-0.12352098661880039	9.0	-0.12352098661880039	9.0	nan	nan	nan	False	False	False
FlyFos021879::chrX:8909920-8947159	10000	15000	FlyFos021879::chrX:8909920-8947159	False	-0.011451337465402408	12.0	-0.011451337465402408	12.0	-0.011451337465402408	12.0	nan	nan	nan	False	False	False
FlyFos021879::chrX:8909920-8947159	15000	20000	FlyFos021879::chrX:8909920-8947159	False	0.0	13.0	0.0	13.0	0.0	13.0	nan	nan	nan	False	False	False
FlyFos021879::chrX:8909920-8947159	20000	25000	FlyFos021879::chrX:8909920-8947159	False	0.06790819931547526	12.0	0.06790819931547526	12.0	0.06790819931547526	12.0	nan	nan	nan	False	False	False
FlyFos021879::chrX:8909920-8947159	25000	30000	FlyFos021879::chrX:8909920-8947159	False	0.19487153840998866	9.0	0.19487153840998866	9.0	0.19487153840998866	9.0	nan	nan	nan	False	False	False
FlyFos021879::chrX:8909920-8947159	30000	35000	FlyFos021879::chrX:8909920-8947159	False	0.18144191862415376	5.0	0.18144191862415376	5.0	0.18144191862415376	5.0	nan	nan	nan	False	False	False
FlyFos021879::chrX:8909920-8947159	35000	37239	FlyFos021879::chrX:8909920-8947159	True	nan	0.0	nan	0.0	nan	0.0	nan	nan	nan	False	False	False
FlyFos023955::chrX:10742683-10778978	0	5000	FlyFos023955::chrX:10742683-10778978	False	-0.12491700073764349	5.0	-0.12491700073764349	5.0	-0.12491700073764349	5.0	nan	nan	nan	False	False	False
FlyFos023955::chrX:10742683-10778978	5000	10000	FlyFos023955::chrX:10742683-10778978	False	-0.04796395107574057	9.0	-0.04796395107574057	9.0	-0.04796395107574057	9.0	nan	nan	nan	False	False	False
FlyFos023955::chrX:10742683-10778978	10000	15000	FlyFos023955::chrX:10742683-10778978	False	0.004272565901626684	12.0	0.004272565901626684	12.0	0.004272565901626684	12.0	nan	nan	nan	False	False	False
FlyFos023955::chrX:10742683-10778978	15000	20000	FlyFos023955::chrX:10742683-10778978	False	0.030052826899790063	13.0	0.030052826899790063	13.0	0.030052826899790063	13.0	nan	nan	nan	False	False	False
FlyFos023955::chrX:10742683-10778978	20000	25000	FlyFos023955::chrX:10742683-10778978	False	0.05404470444211513	12.0	0.05404470444211513	12.0	0.05404470444211513	12.0	nan	nan	nan	False	False	False
FlyFos023955::chrX:10742683-10778978	25000	30000	FlyFos023955::chrX:10742683-10778978	False	0.0	9.0	0.0	9.0	0.0	9.0	nan	nan	nan	False	False	False
FlyFos023955::chrX:10742683-10778978	30000	35000	FlyFos023955::chrX:10742683-10778978	False	-0.15773006285405272	5.0	-0.15773006285405272	5.0	-0.15773006285405272	5.0	nan	nan	nan	False	False	False
FlyFos023955::chrX:10742683-10778978	35000	36295	FlyFos023955::chrX:10742683-10778978	True	nan	0.0	nan	0.0	nan	0.0	nan	nan	nan	False	False	False
FlyFos021967::chrX:10778059-10813017	0	5000	FlyFos021967::chrX:10778059-10813017	False	0.06447132496170928	4.0	0.06447132496170928	4.0	0.06447132496170928	4.0	nan	nan	nan	False	False	False
FlyFos021967::chrX:10778059-10813017	5000	10000	FlyFos021967::chrX:10778059-10813017	False	-0.031991914968411604	7.0	-0.031991914968411604	7.0	-0.031991914968411604	7.0	nan	nan	nan	False	False	False
FlyFos021967::chrX:10778059-10813017	10000	15000	FlyFos021967::chrX:10778059-10813017	False	0.05081897083667361	9.0	0.05081897083667361	9.0	0.05081897083667361	9.0	nan	nan	nan	False	False	False
FlyFos021967::chrX:10778059-10813017	15000	20000	FlyFos021967::chrX:10778059-10813017	False	-0.029852957957042906	9.0	-0.029852957957042906	9.0	-0.029852957957042906	9.0	nan	nan	nan	False	False	False
FlyFos021967::chrX:10778059-10813017	20000	25000	FlyFos021967::chrX:10778059-10813017	False	-0.150582078676603	7.0	-0.150582078676603	7.0	-0.150582078676603	7.0	nan	nan	nan	False	False	False
FlyFos021967::chrX:10778059-10813017	25000	30000	FlyFos021967::chrX:10778059-10813017	False	0.029247728366554943	4.0	0.029247728366554943	4.0	0.029247728366554943	4.0	nan	nan	nan	False	False	False
FlyFos021967::chrX:10778059-10813017	30000	34958	FlyFos021967::chrX:10778059-10813017	True	nan	0.0	nan	0.0	nan	0.0	nan	nan	nan	False	False	False
FlyFos025500::chrX:10806687-10840288	0	5000	FlyFos025500::chrX:10806687-10840288	True	nan	0.0	nan	0.0	nan	0.0	nan	nan	nan	False	False	False
FlyFos025500::chrX:10806687-10840288	5000	10000	FlyFos025500::chrX:10806687-10840288	False	-0.6105207837838085	2.0	-0.6105207837838085	2.0	-0.6105207837838085	2.0	nan	nan	nan	False	False	False
FlyFos025500::chrX:10806687-10840288	10000	15000	FlyFos025500::chrX:10806687-10840288	False	0.0	3.0	0.0	3.0	0.0	3.0	nan	nan	nan	False	False	False
FlyFos025500::chrX:10806687-10840288	15000	20000	FlyFos025500::chrX:10806687-10840288	False	0.0	3.0	0.0	3.0	0.0	3.0	nan	nan	nan	False	False	False
FlyFos025500::chrX:10806687-10840288	20000	25000	FlyFos025500::chrX:10806687-10840288	False	0.3265437616635647	2.0	0.3265437616635647	2.0	0.3265437616635647	2.0	nan	nan	nan	False	False	False
FlyFos025500::chrX:10806687-10840288	25000	30000	FlyFos025500::chrX:10806687-10840288	True	nan	0.0	nan	0.0	nan	0.0	nan	nan	nan	False	False	False
FlyFos025500::chrX:10806687-10840288	30000	33601	FlyFos025500::chrX:10806687-10840288	True	nan	0.0	nan	0.0	nan	0.0	nan	nan	nan	False	False	False
FlyFos021012::chrX:10832134-10868578	0	5000	FlyFos021012::chrX:10832134-10868578	True	nan	0.0	nan	0.0	nan	0.0	nan	nan	nan	False	False	False
FlyFos021012::chrX:10832134-10868578	5000	10000	FlyFos021012::chrX:10832134-10868578	True	nan	0.0	nan	0.0	nan	0.0	nan	nan	nan	False	False	False
FlyFos021012::chrX:10832134-10868578	10000	15000	FlyFos021012::chrX:10832134-10868578	False	0.0	3.0	0.0	3.0	0.0	3.0	nan	nan	nan	False	False	False
FlyFos021012::chrX:10832134-10868578	15000	20000	FlyFos021012::chrX:10832134-10868578	False	0.19093452409437517	5.0	0.19093452409437517	5.0	0.19093452409437517	5.0	nan	nan	nan	False	False	False
FlyFos021012::chrX:10832134-10868578	20000	25000	FlyFos021012::chrX:10832134-10868578	False	0.07484182933079189	6.0	0.07484182933079189	6.0	0.07484182933079189	6.0	nan	nan	nan	False	False	False
FlyFos021012::chrX:10832134-10868578	25000	30000	FlyFos021012::chrX:10832134-10868578	False	-0.06246609524506933	5.0	-0.06246609524506933	5.0	-0.06246609524506933	5.0	nan	nan	nan	False	False	False
FlyFos021012::chrX:10832134-10868578	30000	35000	FlyFos021012::chrX:10832134-10868578	False	-0.5545894685486085	3.0	-0.5545894685486085	3.0	-0.5545894685486085	3.0	nan	nan	nan	False	False	False
FlyFos021012::chrX:10832134-10868578	35000	36444	FlyFos021012::chrX:10832134-10868578	True	nan	0.0	nan	0.0	nan	0.0	nan	nan	nan	False	False	False
FlyFos017984::chrX:11124685-11157816	0	5000	FlyFos017984::chrX:11124685-11157816	False	-0.285259910735096	4.0	-0.285259910735096	4.0	-0.285259910735096	4.0	nan	nan	nan	False	False	False
FlyFos017984::chrX:11124685-11157816	5000	10000	FlyFos017984::chrX:11124685-11157816	False	-0.0811214192889189	7.0	-0.0811214192889189	7.0	-0.0811214192889189	7.0	nan	nan	nan	False	False	False
FlyFos017984::chrX:11124685-11157816	10000	15000	FlyFos017984::chrX:11124685-11157816	False	0.05584811108973579	9.0	0.05584811108973579	9.0	0.05584811108973579	9.0	nan	nan	nan	False	False	False
FlyFos017984::chrX:11124685-11157816	15000	20000	FlyFos017984::chrX:11124685-11157816	False	0.060187708655649756	9.0	0.060187708655649756	9.0	0.060187708655649756	9.0	nan	nan	nan	False	False	False
FlyFos017984::chrX:11124685-11157816	20000	25000	FlyFos017984::chrX:11124685-11157816	False	0.02263940338612218	7.0	0.02263940338612218	7.0	0.02263940338612218	7.0	nan	nan	nan	False	False	False
FlyFos017984::chrX:11124685-11157816	25000	30000	FlyFos017984::chrX:11124685-11157816	False	-0.02300034237202811	4.0	-0.02300034237202811	4.0	-0.02300034237202811	4.0	nan	nan	nan	False	False	False
FlyFos017984::chrX:11124685-11157816	30000	33131	FlyFos017984::chrX:11124685-11157816	True	nan	0.0	nan	0.0	nan	0.0	nan	nan	nan	False	False	False
FlyFos026333::chrX:13312144-13347266	0	5000	FlyFos026333::chrX:13312144-13347266	False	0.0	5.0	0.0	5.0	0.0	5.0	nan	nan	nan	False	False	False
FlyFos026333::chrX:13312144-13347266	5000	10000	FlyFos026333::chrX:13312144-13347266	False	-0.043531800132596506	9.0	-0.043531800132596506	9.0	-0.043531800132596506	9.0	nan	nan	nan	False	False	False
FlyFos026333::chrX:13312144-13347266	10000	15000	FlyFos026333::chrX:13312144-13347266	False	-0.06875321222563617	12.0	-0.06875321222563617	12.0	-0.06875321222563617	12.0	nan	nan	nan	False	False	False
FlyFos026333::chrX:13312144-13347266	15000	20000	FlyFos026333::chrX:13312144-13347266	False	-0.00789312015924539	13.0	-0.00789312015924539	13.0	-0.00789312015924539	13.0	nan	nan	nan	False	False	False
FlyFos026333::chrX:13312144-13347266	20000	25000	FlyFos026333::chrX:13312144-13347266	False	0.04123139902768284	12.0	0.04123139902768284	12.0	0.04123139902768284	12.0	nan	nan	nan	False	False	False
FlyFos026333::chrX:13312144-13347266	25000	30000	FlyFos026333::chrX:13312144-13347266	False	0.04909755235200392	9.0	0.04909755235200392	9.0	0.04909755235200392	9.0	nan	nan	nan	False	False	False
FlyFos026333::chrX:13312144-13347266	30000	35000	FlyFos026333::chrX:13312144-13347266	False	0.10502229136898246	5.0	0.10502229136898246	5.0	0.10502229136898246	5.0	nan	nan	nan	False	False	False
FlyFos026333::chrX:13312144-13347266	35000	35122	FlyFos026333::chrX:13312144-13347266	True	nan	0.0	nan	0.0	nan	0.0	nan	nan	nan	False	False	False
FlyFos018941::chrX:14500243-14533957	0	5000	FlyFos018941::chrX:14500243-14533957	False	-0.34218224457924806	4.0	-0.34218224457924806	4.0	-0.34218224457924806	4.0	nan	nan	nan	False	False	False
FlyFos018941::chrX:14500243-14533957	5000	10000	FlyFos018941::chrX:14500243-14533957	False	-0.13807141322633196	7.0	-0.13807141322633196	7.0	-0.13807141322633196	7.0	nan	nan	nan	False	False	False
FlyFos018941::chrX:14500243-14533957	10000	15000	FlyFos018941::chrX:14500243-14533957	False	0.031102957633099282	9.0	0.031102957633099282	9.0	0.031102957633099282	9.0	nan	nan	nan	False	False	False
FlyFos018941::chrX:14500243-14533957	15000	20000	FlyFos018941::chrX:14500243-14533957	False	0.05292978471812	9.0	0.05292978471812	9.0	0.05292978471812	9.0	nan	nan	nan	False	False	False
FlyFos018941::chrX:14500243-14533957	20000	25000	FlyFos018941::chrX:14500243-14533957	False	0.16615577635531487	7.0	0.16615577635531487	7.0	0.16615577635531487	7.0	nan	nan	nan	False	False	False
FlyFos018941::chrX:14500243-14533957	25000	30000	FlyFos018941::chrX:14500243-14533957	False	-0.03178830655539172	4.0	-0.03178830655539172	4.0	-0.03178830655539172	4.0	nan	nan	nan	False	False	False
FlyFos018941::chrX:14500243-14533957	30000	33714	FlyFos018941::chrX:14500243-14533957	True	nan	0.0	nan	0.0	nan	0.0	nan	nan	nan	False	False	False
FlyFos019248::chrX:15252394-15293829	0	5000	FlyFos019248::chrX:15252394-15293829	False	0.04504520115377432	6.0	0.04504520115377432	6.0	0.04504520115377432	6.0	nan	nan	nan	False	False	False
FlyFos019248::chrX:15252394-15293829	5000	10000	FlyFos019248::chrX:15252394-15293829	False	-0.039845085536161756	11.0	-0.039845085536161756	11.0	-0.039845085536161756	11.0	nan	nan	nan	False	False	False
FlyFos019248::chrX:15252394-15293829	10000	15000	FlyFos019248::chrX:15252394-15293829	False	-0.11347788992448499	15.0	-0.11347788992448499	15.0	-0.11347788992448499	15.0	nan	nan	nan	False	False	False
FlyFos019248::chrX:15252394-15293829	15000	20000	FlyFos019248::chrX:15252394-15293829	False	-0.1009027998870486	17.0	-0.1009027998870486	17.0	-0.1009027998870486	17.0	nan	nan	nan	False	False	False
FlyFos019248::chrX:15252394-15293829	20000	25000	FlyFos019248::chrX:15252394-15293829	False	-0.0530535042626804	17.0	-0.0530535042626804	17.0	-0.0530535042626804	17.0	nan	nan	nan	False	False	False
FlyFos019248::chrX:15252394-15293829	25000	30000	FlyFos019248::chrX:15252394-15293829	False	0.0387741354947722	15.0	0.0387741354947722	15.0	0.0387741354947722	15.0	nan	nan	nan	False	False	False
FlyFos019248::chrX:15252394-15293829	30000	35000	FlyFos019248::chrX:15252394-15293829	False	0.08925066242955036	11.0	0.08925066242955036	11.0	0.08925066242955036	11.0	nan	nan	nan	False	False	False
FlyFos019248::chrX:15252394-15293829	35000	40000	FlyFos019248::chrX:15252394-15293829	False	0.044800904816640286	6.0	0.044800904816640286	6.0	0.044800904816640286	6.0	nan	nan	nan	False	False	False
FlyFos019248::chrX:15252394-15293829	40000	41435	FlyFos019248::chrX:15252394-15293829	True	nan	0.0	nan	0.0	nan	0.0	nan	nan	nan	False	False	False
FlyFos020589::chrX:16217642-16258872	0	5000	FlyFos020589::chrX:16217642-16258872	False	-0.009384656783845527	5.0	-0.009384656783845527	5.0	-0.009384656783845527	5.0	nan	nan	nan	False	False	False
FlyFos020589::chrX:16217642-16258872	5000	10000	FlyFos020589::chrX:16217642-16258872	False	0.0	10.0	0.0	10.0	0.0	10.0	nan	nan	nan	False	False	False
FlyFos020589::chrX:16217642-16258872	10000	15000	FlyFos020589::chrX:16217642-16258872	True	0.0	10.0	0.0	10.0	0.0	10.0	nan	nan	nan	False	False	False
FlyFos020589::chrX:16217642-16258872	15000	20000	FlyFos020589::chrX:16217642-16258872	False	0.07148940222469759	13.0	0.07148940222469759	13.0	0.07148940222469759	13.0	nan	nan	nan	False	False	False
FlyFos020589::chrX:16217642-16258872	20000	25000	FlyFos020589::chrX:16217642-16258872	False	0.004851960895890544	13.0	0.004851960895890544	13.0	0.004851960895890544	13.0	nan	nan	nan	False	False	False
FlyFos020589::chrX:16217642-16258872	25000	30000	FlyFos020589::chrX:16217642-16258872	False	-0.013521371890620994	12.0	-0.013521371890620994	12.0	-0.013521371890620994	12.0	nan	nan	nan	False	False	False
FlyFos020589::chrX:16217642-16258872	30000	35000	FlyFos020589::chrX:16217642-16258872	False	0.014554946206396066	9.0	0.014554946206396066	9.0	0.014554946206396066	9.0	nan	nan	nan	False	False	False
FlyFos020589::chrX:16217642-16258872	35000	40000	FlyFos020589::chrX:16217642-16258872	False	-0.033201328473386464	5.0	-0.033201328473386464	5.0	-0.033201328473386464	5.0	nan	nan	nan	False	False	False
FlyFos020589::chrX:16217642-16258872	40000	41230	FlyFos020589::chrX:16217642-16258872	True	nan	0.0	nan	0.0	nan	0.0	nan	nan	nan	False	False	False
FlyFos030772::chrX:16900768-16933931	0	5000	FlyFos030772::chrX:16900768-16933931	False	0.08322000278507453	4.0	0.08322000278507453	4.0	0.08322000278507453	4.0	nan	nan	nan	False	False	False
FlyFos030772::chrX:16900768-16933931	5000	10000	FlyFos030772::chrX:16900768-16933931	False	0.027908877349414725	7.0	0.027908877349414725	7.0	0.027908877349414725	7.0	nan	nan	nan	False	False	False
FlyFos030772::chrX:16900768-16933931	10000	15000	FlyFos030772::chrX:16900768-16933931	False	0.003736225079766028	9.0	0.003736225079766028	9.0	0.003736225079766028	9.0	nan	nan	nan	False	False	False
FlyFos030772::chrX:16900768-16933931	15000	20000	FlyFos030772::chrX:16900768-16933931	False	-0.0037459261118840703	9.0	-0.0037459261118840703	9.0	-0.0037459261118840703	9.0	nan	nan	nan	False	False	False
FlyFos030772::chrX:16900768-16933931	20000	25000	FlyFos030772::chrX:16900768-16933931	False	-0.11683056770866973	7.0	-0.11683056770866973	7.0	-0.11683056770866973	7.0	nan	nan	nan	False	False	False
FlyFos030772::chrX:16900768-16933931	25000	30000	FlyFos030772::chrX:16900768-16933931	False	-0.21835604136483702	4.0	-0.21835604136483702	4.0	-0.21835604136483702	4.0	nan	nan	nan	False	False	False
FlyFos030772::chrX:16900768-16933931	30000	33163	FlyFos030772::chrX:16900768-16933931	True	nan	0.0	nan	0.0	nan	0.0	nan	nan	nan	False	False	False
FlyFos031639::chrX:16987106-17017397	0	5000	FlyFos031639::chrX:16987106-17017397	False	-0.009786388613543877	4.0	-0.009786388613543877	4.0	-0.009786388613543877	4.0	nan	nan	nan	False	False	False
FlyFos031639::chrX:16987106-17017397	5000	10000	FlyFos031639::chrX:16987106-17017397	False	0.009720450583310803	7.0	0.009720450583310803	7.0	0.009720450583310803	7.0	nan	nan	nan	False	False	False
FlyFos031639::chrX:16987106-17017397	10000	15000	FlyFos031639::chrX:16987106-17017397	False	0.03823585529065693	9.0	0.03823585529065693	9.0	0.03823585529065693	9.0	nan	nan	nan	False	False	False
FlyFos031639::chrX:16987106-17017397	15000	20000	FlyFos031639::chrX:16987106-17017397	False	0.011696247776494896	9.0	0.011696247776494896	9.0	0.011696247776494896	9.0	nan	nan	nan	False	False	False
FlyFos031639::chrX:16987106-17017397	20000	25000	FlyFos031639::chrX:16987106-17017397	False	-0.07672513992983983	7.0	-0.07672513992983983	7.0	-0.07672513992983983	7.0	nan	nan	nan	False	False	False
FlyFos031639::chrX:16987106-17017397	25000	30000	FlyFos031639::chrX:16987106-17017397	False	-0.15613820958102148	4.0	-0.15613820958102148	4.0	-0.15613820958102148	4.0	nan	nan	nan	False	False	False
FlyFos031639::chrX:16987106-17017397	30000	30291	FlyFos031639::chrX:16987106-17017397	True	nan	0.0	nan	0.0	nan	0.0	nan	nan	nan	False	False	False
FlyFos025442::chrX:18647514-18690910	0	5000	FlyFos025442::chrX:18647514-18690910	False	0.08780612984238537	6.0	0.08780612984238537	6.0	0.08780612984238537	6.0	nan	nan	nan	False	False	False
FlyFos025442::chrX:18647514-18690910	5000	10000	FlyFos025442::chrX:18647514-18690910	False	0.1174886753949394	11.0	0.1174886753949394	11.0	0.1174886753949394	11.0	nan	nan	nan	False	False	False
FlyFos025442::chrX:18647514-18690910	10000	15000	FlyFos025442::chrX:18647514-18690910	False	0.10127864994726965	15.0	0.10127864994726965	15.0	0.10127864994726965	15.0	nan	nan	nan	False	False	False
FlyFos025442::chrX:18647514-18690910	15000	20000	FlyFos025442::chrX:18647514-18690910	False	-0.006361417788771545	17.0	-0.006361417788771545	17.0	-0.006361417788771545	17.0	nan	nan	nan	False	False	False
FlyFos025442::chrX:18647514-18690910	20000	25000	FlyFos025442::chrX:18647514-18690910	False	0.005969506660105149	17.0	0.005969506660105149	17.0	0.005969506660105149	17.0	nan	nan	nan	False	False	False
FlyFos025442::chrX:18647514-18690910	25000	30000	FlyFos025442::chrX:18647514-18690910	False	-0.01846324000240863	15.0	-0.01846324000240863	15.0	-0.01846324000240863	15.0	nan	nan	nan	False	False	False
FlyFos025442::chrX:18647514-18690910	30000	35000	FlyFos025442::chrX:18647514-18690910	False	-0.0642817515672729	11.0	-0.0642817515672729	11.0	-0.0642817515672729	11.0	nan	nan	nan	False	False	False
FlyFos025442::chrX:18647514-18690910	35000	40000	FlyFos025442::chrX:18647514-18690910	False	-0.005994309630597118	6.0	-0.005994309630597118	6.0	-0.005994309630597118	6.0	nan	nan	nan	False	False	False
FlyFos025442::chrX:18647514-18690910	40000	43396	FlyFos025442::chrX:18647514-18690910	True	nan	0.0	nan	0.0	nan	0.0	nan	nan	nan	False	False	False
FlyFos029863::chrX:19017578-19051456	0	5000	FlyFos029863::chrX:19017578-19051456	False	-0.028411749396033376	5.0	-0.028411749396033376	5.0	-0.028411749396033376	5.0	nan	nan	nan	False	False	False
FlyFos029863::chrX:19017578-19051456	5000	10000	FlyFos029863::chrX:19017578-19051456	False	0.05226483547725023	9.0	0.05226483547725023	9.0	0.05226483547725023	9.0	nan	nan	nan	False	False	False
FlyFos029863::chrX:19017578-19051456	10000	15000	FlyFos029863::chrX:19017578-19051456	False	0.10334809510604004	12.0	0.10334809510604004	12.0	0.10334809510604004	12.0	nan	nan	nan	False	False	False
FlyFos029863::chrX:19017578-19051456	15000	20000	FlyFos029863::chrX:19017578-19051456	False	0.08785851584728067	13.0	0.08785851584728067	13.0	0.08785851584728067	13.0	nan	nan	nan	False	False	False
FlyFos029863::chrX:19017578-19051456	20000	25000	FlyFos029863::chrX:19017578-19051456	False	0.0	12.0	0.0	12.0	0.0	12.0	nan	nan	nan	False	False	False
FlyFos029863::chrX:19017578-19051456	25000	30000	FlyFos029863::chrX:19017578-19051456	False	-0.16639752863257584	9.0	-0.16639752863257584	9.0	-0.16639752863257584	9.0	nan	nan	nan	False	False	False
FlyFos029863::chrX:19017578-19051456	30000	33878	FlyFos029863::chrX:19017578-19051456	False	-0.12901259228631073	5.0	-0.12901259228631073	5.0	-0.12901259228631073	5.0	nan	nan	nan	False	False	False
FlyFos019190::chrX:19681040-19717450	0	5000	FlyFos019190::chrX:19681040-19717450	False	-0.3647552858528469	5.0	-0.3647552858528469	5.0	-0.3647552858528469	5.0	nan	nan	nan	False	False	False
FlyFos019190::chrX:19681040-19717450	5000	10000	FlyFos019190::chrX:19681040-19717450	False	-0.28257614635832823	9.0	-0.28257614635832823	9.0	-0.28257614635832823	9.0	nan	nan	nan	False	False	False
FlyFos019190::chrX:19681040-19717450	10000	15000	FlyFos019190::chrX:19681040-19717450	False	-0.10170918918317483	12.0	-0.10170918918317483	12.0	-0.10170918918317483	12.0	nan	nan	nan	False	False	False
FlyFos019190::chrX:19681040-19717450	15000	20000	FlyFos019190::chrX:19681040-19717450	False	0.0	13.0	0.0	13.0	0.0	13.0	nan	nan	nan	False	False	False
FlyFos019190::chrX:19681040-19717450	20000	25000	FlyFos019190::chrX:19681040-19717450	False	0.04384089439076623	12.0	0.04384089439076623	12.0	0.04384089439076623	12.0	nan	nan	nan	False	False	False
FlyFos019190::chrX:19681040-19717450	25000	30000	FlyFos019190::chrX:19681040-19717450	False	0.030056150425052212	9.0	0.030056150425052212	9.0	0.030056150425052212	9.0	nan	nan	nan	False	False	False
FlyFos019190::chrX:19681040-19717450	30000	35000	FlyFos019190::chrX:19681040-19717450	False	0.12155494863453788	5.0	0.12155494863453788	5.0	0.12155494863453788	5.0	nan	nan	nan	False	False	False
FlyFos019190::chrX:19681040-19717450	35000	36410	FlyFos019190::chrX:19681040-19717450	True	nan	0.0	nan	0.0	nan	0.0	nan	nan	nan	False	False	False
FlyFos023727::chrX:19725749-19763469	0	5000	FlyFos023727::chrX:19725749-19763469	False	0.1190683251503382	5.0	0.1190683251503382	5.0	0.1190683251503382	5.0	nan	nan	nan	False	False	False
FlyFos023727::chrX:19725749-19763469	5000	10000	FlyFos023727::chrX:19725749-19763469	False	0.0	9.0	0.0	9.0	0.0	9.0	nan	nan	nan	False	False	False
FlyFos023727::chrX:19725749-19763469	10000	15000	FlyFos023727::chrX:19725749-19763469	False	0.14941836304678385	12.0	0.14941836304678385	12.0	0.14941836304678385	12.0	nan	nan	nan	False	False	False
FlyFos023727::chrX:19725749-19763469	15000	20000	FlyFos023727::chrX:19725749-19763469	False	-0.02790652104604818	13.0	-0.02790652104604818	13.0	-0.02790652104604818	13.0	nan	nan	nan	False	False	False
FlyFos023727::chrX:19725749-19763469	20000	25000	FlyFos023727::chrX:19725749-19763469	False	0.0063879140216668365	12.0	0.0063879140216668365	12.0	0.0063879140216668365	12.0	nan	nan	nan	False	False	False
FlyFos023727::chrX:19725749-19763469	25000	30000	FlyFos023727::chrX:19725749-19763469	False	-0.23387897034086222	9.0	-0.23387897034086222	9.0	-0.23387897034086222	9.0	nan	nan	nan	False	False	False
FlyFos023727::chrX:19725749-19763469	30000	35000	FlyFos023727::chrX:19725749-19763469	False	-0.07716860336059966	5.0	-0.07716860336059966	5.0	-0.07716860336059966	5.0	nan	nan	nan	False	False	False
FlyFos023727::chrX:19725749-19763469	35000	37720	FlyFos023727::chrX:19725749-19763469	True	nan	0.0	nan	0.0	nan	0.0	nan	nan	nan	False	False	False
FlyFos026416::chrX:21036774-21075498	0	5000	FlyFos026416::chrX:21036774-21075498	False	0.0	5.0	0.0	5.0	0.0	5.0	nan	nan	nan	False	False	False
FlyFos026416::chrX:21036774-21075498	5000	10000	FlyFos026416::chrX:21036774-21075498	False	0.006374281033046811	9.0	0.006374281033046811	9.0	0.006374281033046811	9.0	nan	nan	nan	False	False	False
FlyFos026416::chrX:21036774-21075498	10000	15000	FlyFos026416::chrX:21036774-21075498	False	-0.019018015464480842	12.0	-0.019018015464480842	12.0	-0.019018015464480842	12.0	nan	nan	nan	False	False	False
FlyFos026416::chrX:21036774-21075498	15000	20000	FlyFos026416::chrX:21036774-21075498	False	-0.03519134630068604	13.0	-0.03519134630068604	13.0	-0.03519134630068604	13.0	nan	nan	nan	False	False	False
FlyFos026416::chrX:21036774-21075498	20000	25000	FlyFos026416::chrX:21036774-21075498	False	-0.023065250037057346	12.0	-0.023065250037057346	12.0	-0.023065250037057346	12.0	nan	nan	nan	False	False	False
FlyFos026416::chrX:21036774-21075498	25000	30000	FlyFos026416::chrX:21036774-21075498	False	0.0041268081106614314	9.0	0.0041268081106614314	9.0	0.0041268081106614314	9.0	nan	nan	nan	False	False	False
FlyFos026416::chrX:21036774-21075498	30000	35000	FlyFos026416::chrX:21036774-21075498	False	0.06474125072028102	5.0	0.06474125072028102	5.0	0.06474125072028102	5.0	nan	nan	nan	False	False	False
FlyFos026416::chrX:21036774-21075498	35000	38724	FlyFos026416::chrX:21036774-21075498	True	nan	0.0	nan	0.0	nan	0.0	nan	nan	nan	False	False	False

